seller_id,seller_zip_code_prefix,seller_city,seller_state
bba3293d6f5d5af2f415e004e8b93ae3,04726,sao paulo,SP
b56906f7fd1696e043f1bcce164c487b,19830,echapora,SP
709e16e2b25c7474d980076c6bfc4806,16200,birigui,SP
b18dc380845b24038cfc48006478f099,09951,diadema,SP
c8e135e7b21ecbc36c1153a29d2f5a06,01411,sao paulo,SP
8b2492b7ff4468839593fafeed55bad9,24451,sao goncalo,RJ
b8555308bfdb4ca1ed54325a58da9a97,09751,sao bernardo do campo,SP
6cd68b3ed6d59aaa9fece558ad360c0a,31255,belo horizonte,MG
3df020b72d3d44b3af9d110fa3940b65,15704,jales,SP
6e386f64c84e482f0b9abf960797ee1b,01539,sao paulo,SP
e8dba4d70f7f2b20e775d09cae01142d,13456,santa barbara d oeste,SP
07017df32dc5f2f1d2801e579548d620,58030,joao pessoa,PB
289cdb325fb7e7f891c38608bf9e0962,31570,belo horizonte,SP
2f73e04d12cdf0c945ded66bb3fcf6c7,29313,cachoeiro de itapemirim,ES
ef30892870c278497523264be1be2241,14801,araraquara,SP
db4350fd57ae30082dec7acbaacc17f9,03126,sao paulo,SP
bfd27a966d91cfaafdb25d076585f0da,13930,serra negra,SP
00ab3eff1b5192e5f1a63bcecfee11c8,04164,sao paulo,SP
ca3bd7cd9f149df75950150d010fe4a2,04361,sao paulo,SP
f680f85bee2d253556ac91be391d2c82,06365,carapicuiba,SP
7ea5bfa6c340f58f8e71fc1f0412b0d6,30180,belo horizonte,MG
bc2ac6b95e1accce9858528ee566c17e,13085,campinas,SP
cd68562d3f44870c08922d380acae552,14050,ribeirao preto,SP
18a349e75d307f4b4cc646a691ed4216,01319,sao paulo,SP
bc302730ea8cf49b5c74f579febb5bbf,13015,campinas,SP
8b2d4ab22f42c5cfc338b846decfda60,83820,fazenda rio grande,PR
63b464dbf392c7b80d12d932fa7cafed,02034,sao paulo,SP
b335c59ab742f751a85db9c411a86739,38442,araguari,MG
70c27847eca8195c983ed7e798c56743,20930,rio de janeiro,RJ
6338ea67c41078a46ad99cc009654956,95170,farroupilha,RS
65febd49fd28ec955651299159b1f527,03275,sao paulo,SP
70849ca4f400aaabb62cb7462a6f1428,31210,belo horizonte,MG
916c9de0b5ad957346eeeb12f332687e,80240,curitiba,PR
f0b47fbbc6dee9aafe415a6e33051b3f,09360,maua,SP
31344c16881c08a8a72c6d2eb29918c1,36500,uba,MG
7681ef142fd2c19048da7430856b5588,07074,guarulhos,SP
6025c79c035c3d772133b8b8238463b2,83327,pinhais/pr,PR
b26741d31a563d769b4af0465ab20c56,88061,florianopolis,SC
3ab971ce71839580d2ae5b4e40fe8044,03210,sao paulo,SP
f1c1ac3f3efc07e659c035008e615e66,02119,sao paulo,SP
68ca56ce86830f3d31b1b7ec6a54da3e,83280,guaratuba,PR
f9d010e39375d9c91dce3f40b73a2f84,12600,lorena,SP
b372ee768ed69e46ca8cdbd267aa7a38,15013,sao jose do rio preto,SP
d20b021d3efdf267a402c402a48ea64b,14940,ibitinga,SP
3361277dc30b7cccdb0c286b24219756,87015,maringa,PR
99a54764c341d5dc80b4a8fac4eba3fb,03273,sao paulo,SP
8f119a0aee85c0c8fc534629734e94fd,06440,barueri,SP
eed78ac17f7f795a19a709745f00cd4e,18608,botucatu,SP
4bfc7a4a1cf8d4d2121c27422d9e50b5,03111,sao paulo,SP
f41ce2e25237f9092cd8e6e7516c7a2f,07013,guarulhos,SP
4371b634e0efc0e22b09b52907d9d469,02028,sao paulo,SP
37515688008a7a40ac93e3b2e4ab203f,17900,dracena,SP
71039d19d4303bf9054d69e9a9236699,03018,sao paulo,SP
0417b067eeab773d2f7061a726dc477f,89288,sao bento do sul,SC
8f54d64f28a993550aa7943f12572959,35160,ipatinga,MG
c5f7feb04a6a1fb3596322bfc3cf1917,09571,sao caetano do sul,SP
ce616e1913288884e7742faac9d981db,06711,cotia,SP
e48b04bf1aa1ef711caebeb7aede6180,80240,curitiba,PR
d66c305afaec317ebee552073a674429,33936,ribeirao das neves,MG
f7496d659ca9fdaf323c0aae84176632,04156,sao paulo,SP
2ff97219cb8622eaf3cd89b7d9c09824,13320,salto,SP
5c030029b5916fed0986310385ec9009,88075,sao jose,SC
ef990a83bbea832f36ebe81376335aa8,89214,joinville,SC
55f7a3319d80f7fdf078b8f03e6725fe,06056,osasco,SP
37be5a7c751166fbc5f8ccba4119e043,04248,sao paulo,SP
14a08204d03bb6b6bde8029f801ae0eb,01026,sao paulo,SP
a17f621c590ea0fab3d5d883e1630ec6,18055,sorocaba,SP
1b4c3a6f53068f0b6944d2d005c9fc89,88730,sao ludgero,SC
741f8c587cb4248ebc5b779a0e8e0e51,09110,santo andre,SP
50c9975695009e5e6473912e83a6d1da,35530,claudio,MG
9f505651f4a6abe901a56cdc21508025,04102,sao paulo,SP
38e679b9e0064cd94c6f035707344dae,86010,londrina,PR
2e7ea2aafec5835e781b21d6d1faf1f1,02820,sao paulo,SP
26af45f5dfd967225a832838aa4e24a3,81070,curitiba,PR
f97e2b0650c2068227e1d366140eb62f,13830,santo antonio de posse,SP
cfb1a033743668a192316f3c6d1d2671,18110,votorantim,SP
adcf50477d6a1f5d91bb9d54c4903cb5,35530,claudio,MG
dc64d75cc406bb0697be983831430e60,31560,belo horizonte,MG
259f7b5e6e482c230e5bfaa670b6bb8f,08550,poa,SP
f45122a9ab94eb4f3f8953578bc0c560,13419,piracicaba,SP
bf100ecb7997df312b285358fb32f92c,83070,sao jose dos pinhais,PR
0bf0150d5b9d60d9cd2906003332f085,01547,sao paulo,SP
55a5b51f93f2b70ea513f5a047b0262a,36301,sao joao del rei,MG
9c0e69c7bf2619675bbadf47b43f655a,12230,sao jose dos campos,SP
3586b8580d9c917874e053a1bb37b5ff,14802,araraquara,SP
e7df4cd29ab5abab70fb0783ddb53987,04122,sao paulo,SP
6b243f80ed07b10f0e8aa0f21a205f3c,81825,curitiba,PR
2089a6d640999f9b9141ac719b2af596,13566,sao carlos,SP
ef2fbc2b607d8492bcffe657a4645434,20051,rio de janeiro,RJ
609e1a9a6c2539919b8205cf7c4e6ff0,88359,brusque,SC
9baf5cb77970f539089d09a38bcec5c3,13330,indaiatuba,SP
688756f717c462a206ad854c5027a64a,07094,guarulhos,SP
7bcd7c5f8631701474db233ccf1c094b,02047,sao paulo,SP
4bf2f4ee540798a61f9636d12cd9cc80,19814,assis,SP
128639473a139ac0f3e5f5ade55873a5,87050,maringa,PR
7a241947449cc45dbfda4f9d0798d9d0,37590,jacutinga,MG
acce39e832338debb07b02385cde5967,32110,contagem,MG
06e5eefc71ec47ae763c5c6f8db7064f,91350,porto alegre,RS
6d66611d7c44cc30ce351abc49a68421,04378,sao paulo,SP
762fafdaa57a532ee0119731697579dd,13311,itu,SP
de722cd6dad950a92b7d4f82673f8833,51250,recife,PE
05ff92fedb5be47920fea08e501238b9,98803,santo angelo,RS
3771c85bac139d2344864ede5d9341e3,18087,sorocaba,SP
e62b2d6ac10570a035a30bafcf01d263,05767,sao paulo,SP
112453736dbe3889cfb74e1aaa0ba0c1,03520,sao paulo,SP
fad44952713764836814be105382aee5,21340,rio de janeiro,RJ
d4e4b5192cba4e0e66eb12a9d347239d,85904,toledo,PR
921323538c9f1c4e816f2720eac02bea,01319,sao paulo,SP
78c99c6dff4eeae5be99bf635ed21e3f,17510,marilia,SP
272f092de69afedd4d2969440b37f18f,03265,sao paulo,SP
b494891378bd8f4560abe576c52deacd,04160,sao paulo,SP
344223b2a90784f64136a8a5da012e7f,89117,gaspar,SC
adbc26658d6c7b4b6219f9d934598091,81770,curitiba,PR
f80edd2c5aaa505cc4b0a3b219abf4b8,03431,sao paulo,SP
562fc2f2c2863ab7e79a9e4388a58a14,13070,campinas,SP
7d948535954aaf8c5d39db007f74372e,11442,guaruja,SP
8bdd8e3fd58bafa48af76b2c5fd71974,01552,sao paulo,SP
1e8b33f18b4f7598d87f5cbee2282cc2,02066,sao paulo,SP
6f892e20a171e98efe17fdb971ff319b,08270,sao paulo,SP
3f8034bfc6b8b4135534975d49f04c63,81560,curitiba,PR
d17f467e4bf608a510c20d82f4ba3b6b,95098,caxias do sul,RS
b2ac621f0d0322434d04a12b078b9369,80220,curitiba,PR
17306570e772e7718c92a562d33f5f1d,17250,bariri,SP
e5cbe890e679490127e9a390b46bbd20,01041,sao paulo,SP
baa49d93c8c8841e27400a300f5d74b2,88113,sao jose,SC
f67efa3f0b6761102a7f8c6b7b571f5d,82300,curitiba,PR
6fa9202c10491e472dffd59a3e82b2a3,18030,sorocaba,SP
1838dd9b8977065acf51d95e0053ea7a,30882,belo horizonte,MG
17908cf9b444ee34047cadd5c0f4a516,75124,anapolis,GO
66922902710d126a0e7d26b0e3805106,31842,belo horizonte,MG
ea67327e24487bdfac5fbfa37ea124df,14940,ibitinga,SP
c70c1b0d8ca86052f45a432a38b73958,13186,hortolandia,SP
d1b65fc7debc3361ea86b5f14c68d2e2,13844,mogi guacu,SP
0c7533c71df861ec58ad7ff999ed0e8d,13270,valinhos,SP
3f9be91358837bff69df67edfa3e42e8,86039,londrina,PR
784ba75dd9d20200c4caed3d7a77141a,01040,sao paulo,SP
ed4acab38528488b65a9a9c603ff024a,08260,sao paulo,SP
aba1721a889e04decc910aa13b768ef4,05729,sao paulo,SP
044668ccd5316b12a7cf0d54a156e3e9,06016,osasco,SP
01cf7e3d21494c41fb86034f2e714fa1,85603,francisco beltrao,PR
96493fab2fbb13a14d0c0e8772eef5c3,05537,sao paulo,SP
e59aa562b9f8076dd550fcddf0e73491,82810,curitiba,PR
e9779976487b77c6d4ac45f75ec7afe9,11701,praia grande,SP
6426d21aca402a131fc0a5d0960a3c90,14091,ribeirao preto,SP
e81e1f9c3e762e620f3fb60a51499e16,89520,curitibanos,SC
0b90b6df587eb83608a64ea8b390cf07,87025,maringa,PR
a420f60ff1aa9acc80d0e42959f2b313,05138,sao paulo,SP
7b1222c3624aa89b9558b50a2594188c,15041,sao jose do rio preto,SP
b0f2a6122a90a93eb03e68653dd960e3,80710,curitiba,PR
bacb1f0ed56ad24198f5810d2b3fe9a5,12328,jacarei,SP
376a891762bbdecbc02b4b6adec3fdda,74323,goiania,GO
05d2173d43ea568aa0540eba70d2ca76,37135,alfenas,MG
ad273c9eb54ecb4532de4bf75bae9e4e,80420,curitiba,PR
9add47bf45ce8e8c7db6b9cf670b1e09,83830,fazenda rio grande,PR
ff1fb4c404b2efe68b03350a8dc24122,08710,mogi das cruzes,SP
7ff588a03c2aeae4fbd23f9ae64b760d,07183,guarulhos,SP
e9c6969d40e6a3d2d0f90013165c2b98,03448,sao paulo,SP
855668e0971d4dfd7bef1b6a4133b41b,13257,itatiba,SP
dd533b429f380718b70ad9922c294bae,14781,barretos,SP
b347677812ea483b0f528eaf8cbc09b7,82540,curitiba,PR
f7720c4fa8e3aba4546301ab80ea1f1b,81350,curitiba,PR
5d0363b33554b373851fc1622e4d5f3c,12952,atibaia,SP
1a932caad4f9d804097d7f8e615baed1,02976,sao paulo,SP
0c7f30ae9b147eca07affbef92832a6a,84020,ponta grossa,PR
da4d149c0ddbac90557103ac0a0ec356,09861,sbc,SP
f4db9b37944bcb8873e6b456ee190bbf,08599,itaquaquecetuba,SP
18e694e0e48ed6f7aa3f24aade5fd697,13224,varzea paulista,SP
cac4c8e7b1ca6252d8f20b2fc1a2e4af,13347,indaiatuba,SP
01fd077212124329bac32490e8ef80d9,14079,ribeirao preto / sao paulo,SP
2e90cb1677d35cfe24eef47d441b7c87,02285,sao paulo,SP
4c61e37f664c3c88aff092aa5ac779d7,24020,niteroi,RJ
86ccac0b835037332a596a33b6949ee1,89041,blumenau,SC
f5a590cf36251cf1162ea35bef76fe84,09720,sao bernardo do campo,SP
5b67882648febfb6e1225e6ad7164f6b,87502,umuarama,PR
bccf933e006e9b94a6184af782963e77,19806,assis,SP
cce6ab8d1682639fe45ab70234f1665f,81020,curitiba,SP
4da0e408c99d2fdc2126dc9fce518060,86300,cornelio procopio,PR
afe0067131b73e40875c9b6c10bd2e21,35590,lagoa da prata,MG
4a1f694197d05fe70026b016a7316b41,13920,pedreira,SP
056b4ada5bbc2c50cc7842547dda6b51,26379,queimados,RJ
808d4348b916efa08e766ebad39f61eb,02336,sao paulo,SP
fb3cfbc8a86f5d7fbb4d36b8df63f60d,21825,rio de janeiro,RJ
df56d7b40d437f88407c5f78b63bc328,85812,cascavel,PR
9df5750209b83567ec144eb299d7d634,93032,sao leopoldo,RS
66e0557ecc2b4dbea057e93f215f68d8,04771,sao paulo,SP
8bd0e3abda539b9479c4b44a691be1ec,98910,tres de maio,RS
02ecc2a19303f05e59ce133fd923fff7,09121,santo andre,SP
c013e57c075a06e5b5c48ee03c525719,13568,sao carlos,SP
82e0a475a88cc9595229d8029273f045,03417,sao paulo,SP
fc59392d66ef99377e50356ee4f3b4e1,40243,salvador,BA
6ec1a01e866584bb679eb9b098345919,11040,santos,SP
8e34331b7eedd03be4e5d965c1956225,04009,sao paulo,SP
5cf1ec37aea089f45110c70653a166ab,02215,sao paulo,SP
d6b1ce66b035a475f00c017792ff9769,13327,salto,SP
cbd996ad3c1b7dc71fd0e5f5df9087e2,15081,sao jose do rio preto,SP
76d64c4aca3a7baf218bf93ef7fa768d,80215,curitiba,PR
751bdc4d83a466c7206cd42e8f426b03,09405,ribeirao pires,SP
5a93f3ab0ef4c84ed5e1b5dbf23978bc,12250,monteiro lobato,SP
714b9a1332840f257b49f476bea4e341,15910,monte alto,SP
1f50f920176fa81dab994f9023523100,15025,sao jose do rio preto,SP
7c1fea10b5b006671d608b1d7c446ec4,18550,boituva,SP
23613d49c3ac2bd302259e55c06c050c,13660,porto ferreira,SP
c8b0e2b0a7095e5d8219575d5e7e1181,08598,itaquaquecetuba,SP
8d956fec2e4337affcb520f56fd8cbfd,09780,sao bernardo do campo,SP
70b52a4cfc823994561b00bad161b4ed,02727,sao paulo,SP
a888faf2d1baececa6baf9c3d603ee1f,87502,umuarama,PR
25e6ffe976bd75618accfe16cefcbd0d,05503,sao paulo,SP
579891617139df7d8671d373f0669622,20061,rio de janeiro,RJ
0dd184061fb0eaa7ca37932c68ab91c5,07031,guarulhos,SP
432c37c9dfba871172ec162e20118b8c,70235,brasilia,DF
27a56ff04b34c2ba34ce6ba4d3b9d616,13033,campinas,SP
06532f10282704ef4c69168b914b77be,87140,paincandu,PR
822166ed1e47908f7cfb49946d03c726,25803,tres rios,RJ
f1b93673502375d491780bb49d615dbc,12228,sao jose dos campos,SP
1c129092bf23f28a5930387c980c0dfc,02972,sao paulo,SP
381c83fdca332ea6afd896da20bf6e4a,80010,curitiba,PR
17a053fcb14bd219540cbde0df490be0,13843,mogi guacu,SP
8581055ce74af1daba164fdbd55a40de,07112,guarulhos,SP
5b179e9e8cc7ab6fd113a46ca584da81,05424,sao paulo,SP
834f8533b2ecb6598dd004ff3de7203a,05181,sao paulo,SP
3935fe5fe0f82787a9dcb8deb62be09d,04905,sao paulo,SP
67bf6941ba2f1fa1d02c375766bc3e53,82400,curitiba,PR
968ee78631915a63fef426d6733d7422,99700,erechim,RS
d13e50eaa47b4cbe9eb81465865d8cfc,09210,santo andre,SP
7d76b645482be4a332374e8223836592,01511,sao paulo,SP
54a1852d1b8f10312c55e906355666ee,13456,santa barbara d'oeste,SP
f7ccf836d21b2fb1de37564105216cc1,14940,ibitinga,SP
b56828a9f9027f3c918c04ca720d9e3c,11707,praia grande,SP
6973a06f484aacf400ece213dbf3d946,12230,sao jose dos campos,SP
d29ba1220fb8634fa3a107e54497b8a4,13560,sao carlos,SP
0cbcee27c791afa0cdcb08587a2013a8,37410,tres coracoes,MG
d50d79cb34e38265a8649c383dcffd48,08290,sao paulo,SP
6fc26fe110feebd80a433e1f012a84f9,15601,fernandopolis,SP
59cd88080b93f3c18508673122d26169,11707,praia grande,SP
36a968b544695394e4e9d7572688598f,11010,santos,SP
282f23a9769b2690c5dda22e316f9941,31573,belo horizonte,MG
80e6699fe29150b372a0c8a1ebf7dcc8,83323,pinhais,PR
0509040ea3fe50071181bbc359eb7738,31710,belo horizonte,MG
29c322e3f09f886f8bacbe91dfbd979e,97110,santa maria,RS
813348c996469b40f2e028d5429d3495,13206,jundiai,SP
c8467937e403e76a8ee9f0ab13f6f5ef,37704,pocos de caldas,MG
4992e76a42cb3aad7a7047e0d3d7e729,03334,sao paulo,SP
0b18d63d0cd1d723567903fd34a07df2,05141,sp,SP
94b9108d4b637ba65bb4f1e53cfcf8d8,07221,guarulhos,SP
974cf2cb8f4b7add98709c30df02fe10,14802,araraquara,SP
7ecd59e5e20407131822c1a68ac59c1f,70719,brasilia,DF
17f51e7198701186712e53a39c564617,03908,sao paulo,SP
7c4618c82226628831613e95e9c22f44,18136,sao roque,SP
014c0679dd340a0e338872e7ec85666a,35180,timoteo,MG
870d0118f7a9d85960f29ad89d5d989a,37708,pocos de caldas,MG
a416b6a846a11724393025641d4edd5e,03702,sao paulo,SP
669ae81880e08f269a64487cfb287169,89160,rio do sul,SC
abe42c5d03695b4257b5c6cbf4e6784e,21235,rio de janeiro,RJ
ebef8d8c92b4fd3226e5d407bbff21ac,14020,ribeirao preto,SP
fa40cc5b934574b62717c68f3d678b6d,02310,sao paulo,SP
9c1c0c36cd23c20897e473901a8fb149,11702,praia grande,SP
cab85505710c7cb9b720bceb52b01cee,02252,sao paulo,SP
955fee9216a65b617aa5c0531780ce60,04782,sao paulo,SP
fa1a9dec3a9940c072684a46728bf1fc,88820,icara,SC
e5a38146df062edaf55c38afa99e42dc,01233,sao paulo,SP
f62d7bb4a613ec758a03342d46b580b2,36570,vicosa,MG
7c5b05cbdb5542049f38d90d7815b97d,05201,sao paulo,SP
679769a98cfcc6da877c8486ff1c13f3,35162,ipatinga,MG
ad97a199236354e53fcd91a5a913e9a2,88350,brusque,SC
00ee68308b45bc5e2660cd833c3f81cc,03333,sao paulo,SP
59b22a78efb79a4797979612b885db36,38414,uberlandia,MG
0ff83046c3fa22efee8ecf291888b191,95110,caxias do sul,RS
7357b52d27cbaa90f81a96cbc1279396,33400,lagoa santa,MG
41b39e28db005d9731d9d485a83b4c38,09220,santo andre,SP
e882b2a25a10b9c057cc49695f222c19,25963,teresopolis,RJ
cfa5ab0e4d3fc212fd0b3410e7081c62,36500,uba,MG
fc906263ca5083d09dce42fe02247800,31030,belo horizonte,MG
1da366cade6d8276e7d8beea7af5d4bf,36500,uba,MG
d2374cbcbb3ca4ab1086534108cc3ab7,14940,ibitinga,SP
dbdd0ec73a4817971d962698f2fea022,60710,fortaleza,CE
058fd0aa2bfdb2274e05e1ae971dabb6,09020,santo andre,SP
e48cc16ab70bfa09e1401740dce0b3d7,16022,aracatuba,SP
1b8356dabde1d35e17cef975c3f82730,03477,sao paulo,SP
b2ba3715d723d245138f291a6fe42594,03470,sao paulo,SP
bd0389da23d89b726abf911cccc54596,71691,brasilia,DF
77530e9772f57a62c906e1c21538ab82,80310,curitiba,PR
602044f2c16190c2c6e45eb35c2e21cb,14940,ibitinga,SP
253f95b3a0e6983ae18aed49fbc2b845,04141,sao paulo,SP
834f3294fba9f932f56edc879193f925,14808,araraquara,SP
c33847515fa6305ce6feb1e818569f13,88359,brusque,SC
343e716476e3748b069f980efbaa294e,13033,campinas,SP
30a81d8cf85fb2ada1b1b094c9583a95,03563,sao paulo,SP
f3975e8a41157005d4bcbb358678cd9b,89870,pinhalzinho,SC
da8622b14eb17ae2831f4ac5b9dab84a,13405,piracicaba,SP
aac29b1b99776be73c3049939652091d,38408,uberlandia,MG
a425f92c199eb576938df686728acd20,81050,curitiba,PR
98dac6635aee4995d501a3972e047414,02030,sao paulo,SP
7a67c85e85bb2ce8582c35f2203ad736,03426,sao paulo,SP
48162d548f5b1b11b9d29d1e01f75a61,13403,piracicaba,SP
b1fc4f64df5a0e8b6913ab38803c57a9,24440,sao goncalo,RJ
3076499bbc033a927bf4a8a41bcf7fd4,15350,auriflama,SP
134a288e7de827ec5ec62e3ec9c3a295,03168,sao paulo,SP
5275ca25d0358ca73864e0ae41be1320,07024,guarulhos,SP
86649b1632b1c0e6c0bcb2c90a8b75d8,85884,medianeira,PR
8f2ce03f928b567e3d56181ae20ae952,05141,pirituba,SP
75d34ebb1bd0bd7dde40dd507b8169c3,41820,salvador,BA
a1043bafd471dff536d0c462352beb48,37175,ilicinea,MG
92eb0f42c21942b6552362b9b114707d,03504,sao paulo,SP
262237171f48e85819065498cac80d7b,88352,brusque,SC
128f9bfbe4c7d5185033914b1de3d39a,12940,atibaia,SP
81a1104df0f08b59c68aa5b03cfe398e,83020,sao jose dos pinhais,PR
81f89e42267213cb94da7ddc301651da,19063,presidente prudente,SP
58f1a6197ed863543e0136bdedb3fce2,36407,conselheiro lafaiete,MG
70eea00b476a314817cefde4aad4f89a,13250,itatiba,SP
7040e82f899a04d1b434b795a43b4617,01026,sao paulo,SP
1900267e848ceeba8fa32d80c1a5f5a8,14940,ibitinga,SP
15aac934c58d886785ac1b17953ea898,29480,muqui,ES
06df0c10d34e459d9672bc77388742eb,87045,maringa,PR
198c7ea11960a9844b544d9bcdca860c,37590,jacutinga,MG
d3674f271c91f824f82d24d92011f669,72233,brasilia,DF
c89cf7c468a48af70aada384e722f9e2,25730,petropolis,RJ
9c4d31c7e46ab03a43fc06e3142afd4e,20785,rio de janeiro,RJ
ffc470761de7d0232558ba5e786e57b7,07091,guarulhos,SP
f12ff17ad8bbf01ec5c33b17e506649b,03186,sao paulo,SP
817245bcc3badd82bbd222e0366951a6,17056,bauru,SP
4deebb3199eeafb282ae33229144f94b,02112,sao paulo,SP
f805b96fa705ba7995a221f1749dc141,87013,maringa,PR
6ddc28b61be28373b4503a1f61cf98a9,03543,sao paulo,SP
cb8bcce248bb1fb274ba762d8b971456,37540,santa rita do sapucai,MG
7901646fdd36a55f564ffaf2dbccaaf7,20021,rio de janeiro,RJ
6481e96574816ead57975da2c0f6d80d,18072,sorocaba,SP
48436dade18ac8b2bce089ec2a041202,27277,volta redonda,SP
d98eec89afa3380e14463da2aabaea72,90010,porto alegre,RS
93b9a99027bd8bd6af682aff18dd19bf,07600,mairipora,SP
e84ad2127668df3aafc6b73531a0beb8,04613,sao paulo,SP
c03121937e54a93fcc1825c3098bbb6e,82800,curitiba,PR
6edacfd9f9074789dad6d62ba7950b9c,07135,guarulhos,SP
e5a3438891c0bfdb9394643f95273d8e,13483,limeira,SP
5cbbd5a299cab112b7bf23862255e43e,83324,pinhais,PR
67883baaae6134ee81b271a542613728,01310,sao paulo,SP
916748bc99315c2d202898ae58b1617e,18040,sorocaba,SP
e63e8bfa530fb16910dd6956e592bb81,07160,guarulhos,SP
f3b80352b986ab4d1057a4b724be19d0,71200,brasilia,DF
4049512728d969bec69f84088b012416,30310,belo horizonte,MG
001cca7ae9ae17fb1caed9dfb1094831,29156,cariacica,ES
951e8cef368f09bb3f3d03c00ca4702c,14940,ibitinga,SP
d91fb3b7d041e83b64a00a3edfb37e4f,11704,praia grande,SP
c864036feaab8c1659f65ea4faebe1da,83605,campo largo,PR
01fdefa7697d26ad920e9e0346d4bd1b,86050,londrina,PR
ad781527c93d00d89a11eecd9dcad7c1,15015,sao jose do rio preto,SP
aae5e7b457a3c72ee230a47d98fceda5,83040,sao jose dos pinhas,PR
066a6914e1ebf3ea95a216c73a986b91,85863,foz do iguacu,PR
76d5af76d0271110f9af36c92573f765,03194,sao paulo,SP
3f3486b61f45078d4f31ee5e43d8c5bb,03035,sao paulo,SP
6b3bd31ad8fcda4b2635ec9f3ff2ecdf,22775,rio de janeiro,RJ
7a2d2949aea47fab95fd98d6c9f618b1,81350,curitiba,PR
1771297ac436903d1dd6b0e9279aa505,07025,guarulhos,SP
4c2b230173bb36f9b240f2b8ac11786e,03933,sao paulo,SP
989becdce12ebc39863c2bceab6f3ca1,81730,curitiba,PR
2528513dd95219a6013d4d05176e391a,06060,osasco,SP
56642bcb79900e777d68e91915cb4267,03701,sao paulo,SP
897060da8b9a21f655304d50fd935913,14092,ribeirao preto,SP
09f952a5f58d2285b0372551ae8f9b01,09725,sao bernardo do campo,SP
28fb0829fd777877cdc350d25cb5bd5b,15051,sao jose do rio pret,SP
dc4a0fc896dc34b0d5bfec8438291c80,14940,ibitinga,SP
9b1f656ca3060f8af17a50d8a024b533,11013,santos,SP
d51e0a403fe2e689ece6c73359d96e12,17580,pompeia,SP
f27e33c6d29b5138fa9967bcd445b6d5,04273,sao paulo,SP
bd4889b5e9133b35b66e42a8665cea5c,02963,sao paulo,SP
4c03b9dd4c11ee2cb35c96c49efc9420,13232,campo limpo paulista,SP
28f10b1c5e5abb9d4857745bede6147c,04250,sao paulo,SP
e9d99831abad74458942f21e16f33f92,03542,sao paulo,SP
0bb738e4d789e63e2267697c42d35a2d,18130,sao roque,SP
8c16d1f32a54d92897cc437244442e1b,89023,blumenau,SC
dd4d95ba2d15c071e6c695e2ef6ce169,29315,cachoeiro de itapemirim,ES
25e47381a6c510ddeb36084e33b89f0c,11720,praia grande,SP
59fb871bf6f4522a87ba567b42dafecf,03655,sao paulo,SP
725c32fa80c2faacc4fc88450d27314e,03320,sao paulo,SP
0a85ebe4e328db81ac9109781205e2f7,13205,jundiai,SP
1835b56ce799e6a4dc4eddc053f04066,14940,ibitinga,SP
83e197e95a1bbabc8c75e883ed016c47,25900,mage,RJ
2addf05f476d0637864454e93ba673d5,70856,brasilia,DF
70a12e78e608ac31179aea7f8422044b,12327,jacarei,SP
82bd0703a4aefd6b599e5bfdaed378fb,17510,marilia,SP
25cf099de44674fde97473224f9d59ab,06716,cotia,SP
4978a02ea9c8be7a9b5480680f40334e,08215,sao paulo,SP
157c3e4b42f81ac4a44e8b1ca2fe9876,03211,sao paulo,SP
d9a84e1403de8da0c3aa531d6d108ba6,03562,sao paulo,SP
d71d863e5ef30d94e440c11be17dcd8f,06144,osasco,SP
b2479f944e1b90cf8a5de1bbfde284d6,14940,ibitinga,SP
1d4587203296c8f4ad134dc286fa6db0,05101,sao paulo,SP
80f2cf9abf6b5a0e5c612b5eea6646e6,15046,sao jose do rio preto,SP
5f3ae9136c875522250f8184f253413a,01550,sao paulo,SP
5f2684dab12e59f83bef73ae57724e45,05125,sao paulo,SP
004c9cd9d87a3c30c522c48c4fc07416,14940,ibitinga,SP
217f005bb37ff3aeef5b2ae1788e75ba,06038,osasco,SP
5670f4db5b62c43d542e1b2d56b0cf7c,03694,sao paulo,SP
972d0f9cf61b499a4812cf0bfa3ad3c4,88359,brusque,SC
6a51fc556dab5f766ced6fbc860bc613,17500,marilia,SP
f457c46070d02cadd8a68551231220dd,87047,maringa,PR
97e4a63591ca439a2b8b7efd20e6e19e,20520,rio de janeiro,RJ
138dbe45fc62f1e244378131a6801526,02215,sao paulo,SP
5058e8c1e82653974541e83690655b4a,08583,itaquaquecetuba,SP
53243585a1d6dc2643021fd1853d8905,42738,lauro de freitas,BA
7f40d06aa0b5f1aa4f41af8c0480e2ef,13506,rio claro,SP
ffeee66ac5d5a62fe688b9d26f83f534,15130,mirassol,SP
f918546be4bec7104d117789ba758b2b,05634,sao paulo,SP
f84fa566034f5e8e880a07ec624c56af,13330,indaiatuba,SP
e96498ed8daaa3e9c23f7a62da76591c,05373,sao paulo,SP
25c5c91f63607446a97b143d2d535d31,35680,itauna,MG
559d56f3b8f0bc2e5a9a62fe2ce2a39f,89220,joinville,SC
c3867b4666c7d76867627c2f7fb22e21,14580,guara,SP
373ee4a3a775a733770ca3f790b8b9ac,22793,rio de janeiro,RJ
9e9b539eb2806acee3f5c28085c1db9f,32315,contagem,MG
6179a28a13a726c29b3bf54c070dccab,37048,varginha,MG
22c32ec35d0116ef02c281798a25bf8b,87043,maringa,PR
54c04bdb5ec46762f8f08c7e8f86ed4a,88037,florianopolis,SC
3dbbce181edfaa4a597ec858c382d2ec,82515,curitiba,PR
297d5eccd19fa9a83b2630071ff105e4,80710,curitiba,PR
6a8b085f816a1f75f92dbac6eb545f8f,14709,bebedouro,SP
624f4ece8da4aafb77699233d480f8ef,05138,sao paulo,SP
34f563c82a85b99ae9e6d60db5fc2e28,93700,campo bom,RS
88cf19ec1fc2c58f161aee259d57142c,13570,sao carlos,SP
7fc87cc3e89b3d1d5cabdca32f8485aa,07123,guarulhos,SP
440dd6ab244315c632130ecfb63827b1,15502,votuporanga,SP
8a130737016f838139d31878787a39c9,03187,sao paulo,SP
643214e62b870443ccbe55ab29a4dccf,02134,sao paulo,SP
0241d4d5d36f10f80c644447315af0bd,80330,curitiba,PR
d05ae8f7a5bd1d2a690a44cd079e4e27,22775,rio de janeiro,RJ
edd066cd02126d7800f9b66e980e9931,70070,brasilia,DF
8629c241b3622ac12cd4118afdc8d394,14090,ribeirao preto,SP
72c5da29406b4234927b81855e7b64f6,07077,guarulhos,SP
42fb44130ac3134cde8e35cf8ec7df25,12995,pinhalzinho,SP
edb1ef5e36e0c8cd84eb3c9b003e486d,25957,teresopolis,RJ
f8e2c1b59cd4225a3e4fd0d013a76b93,14021,ribeirao preto,SP
fe49ee029e61e789a1f3a5525f57ba8d,06018,osasco,SP
1da3aeb70d7989d1e6d9b0e887f97c23,04265,sao paulo,SP
527801b552d0077ffd170872eb49683b,17400,garca,SP
5795aebfe331fbcd02a2c4b679fb7952,88132,palhoca,SC
8e6cc767478edae941d9bd9eb778d77a,38442,araguari,MG
412a4720f3e9431b4afa1476a1acddbe,13060,campinas,SP
afac9f6b0c4e5f0a7ee87e922cd0f873,17047,bauru,SP
5a6a02f419701fc8c605af71d4fc57a4,13465,americana,SP
1025f0e2d44d7041d6cf58b6550e0bfa,03204,sao paulo,SP
891071be6ba827b591264c90c2ae8a63,03872,sao paulo,SP
431af27f296bc6519d890aa5a05fdb11,14110,ribeirao preto,SP
cac876b37d3abcd6bd76caca30277996,85816,cascavel,PR
74c7dec0a384d8a05950e629bd23bde9,13845,mogi guacu,SP
17e34d8224d27a541263c4c64b11a56b,14085,riberao preto,SP
dde698c6d0bd24834c586e5111c2bba7,25755,petropolis,RJ
ccc4bbb5f32a6ab2b7066a4130f114e3,80310,curitiba,PR
1f9ab4708f3056ede07124aad39a2554,17602,tupa,SP
b2a6d334e2833acea353624840e25a0e,04133,sao paulo,SP
768de2a4fc06aacecb9a586ccc30746a,70645,brasilia,DF
a6bd7d1ccdac48c6b33b28596b7eb122,58280,mamanguape,PB
3db66a856d18a9cba7c9241fc5221c50,35430,ponte nova,MG
9b013e03b2ab786505a1d3b5c0756754,11450,vicente de carvalho,SP
83deb69e889cf80f82be1dc6d5f2d486,88056,florianopolis,SC
79ebd9a61bac3eaf882805ed4ecfa12a,85802,cascavel,PR
d06d019f72a04e5497a0b64190af170c,06703,cotia,SP
1fdc574883ef3b33ad41562d93f3a74a,13480,limeira,SP
9a03a4e9eb0b947652fae4f6121a3f5e,15805,catanduva,SP
5b2e94f2c22b39ccc24d34ad0f669672,01214,sao paulo,SP
d93919c944be9cff128f6c9cb899eacb,13375,mombuca,SP
f84a00e60c73a49e7e851c9bdca3a5bb,20756,rio de janeiro,RJ
f9f68daa2af419d38f745478bcb3da1a,13180,sumare,SP
1a3df491d1c4f1589fc2b934ada68bf2,89224,joinville,SC
55c26bcb609f480eb7868594245febb5,14910,tabatinga,SP
5b925e1d006e9476d738aa200751b73b,04567,sao paulo,SP
1cbd32d00d01bb8087a5eb088612fd9c,03363,sp / sp,SP
6750d71153f00fc58829af2a8ef1bcf1,28800,rio bonito,RJ
14ee35374a7876217954b5fa08e50463,15015,sao jose do rio preto,SP
b19f3ca2ea475913750f25a5c37c8d8f,35501,divinopolis,MG
45ba18c210d42734ec52c0c1c574e9ee,18130,sao roque,SP
52562a9f449c3dc3d53f5f5b9ed74903,59152,parnamirim,RN
1127b7f2594683f2510f1c2c834a486b,13087,campinas,SP
c31eff8334d6b3047ed34bebd4d62c36,13322,salto,SP
94144541854e298c2d976cb893b81343,94451,viamao,RS
4eeb99008a0f59d2c7759c59f9a346eb,06807,embu das artes,SP
1bb3812d5f0747a3ab7348f199001a10,04708,sao paulo,SP
16090f2ca825584b5a147ab24aa30c86,12940,atibaia,SP
9fc70243fb26800cba56e8f014797004,30270,belo horizonte,MG
cc63f0dd2acba93ffed4fe9f8e0321fa,15025,sao jose do rio preto,SP
85d9eb9ddc5d00ca9336a2219c97bb13,31255,belo horizonte,MG
5f7300535881cef3b625fd683cf7d145,92020,canoas,RS
232a6014e7b10cba61c6c2b2ea6bb4b0,16500,cafelandia,SP
8160255418d5aaa7dbdc9f4c64ebda44,14940,ibitinga,SP
a7f13822ceb966b076af67121f87b063,08577,itaquaquecetuba,SP
c003204e1ab016dfa150abc119207b24,07790,cajamar,SP
bba74270a87732727b5a3b4fd9ac1c39,32604,betim,MG
a44fb5a447105f8469bdf16bf9159f25,91920,porto alegre,RS
5ef131ac72773e5b3f6c0d63cf424657,14075,ribeirao preto,SP
e8b3a3a38279a82f0e5d006d5e5b7d2c,87230,jussara,PR
9803a40e82e45418ab7fb84091af5231,75901,rio verde,GO
2d2c62bef4c8ba0dd74e0e228e808539,14096,ribeirao preto,SP
beadbee30901a7f61d031b6b686095ad,07097,guarulhos,SP
165fc07beebdcb6190fba8a06db2a449,87015,maringa,PR
4e7c18b98d84e05cbae3ff0ff03846c2,14882,jaboticabal,SP
d650b663c3b5f6fb392b6326366efa9a,06713,cotia,SP
229c3efbfb0ea2058de4ccdfbc3d784a,30190,belo horizonte,MG
aaed1309374718fdd995ee4c58c9dfcd,89120,timbo,SC
3f995f07c49d0d55a99d5c54957f7d81,06853,itapecerica da serra,SP
f9903dd0f812c7e771fcad47b6fff231,89070,blumenau,SC
e53d5b9b29d1218281f4a907ada18626,85903,toledo,PR
8b321bb669392f5163d04c59e235e066,01212,sao paulo,SP
ec80e49e69745ab6c14f984bf2149423,13480,limeira,SP
c42fd8e4d47dfb18ce5222f2dd7752f9,06246,osasco,SP
ba5daa4041e1f15cdf34b76e3e18a450,04363,sao paulo,SP
d90fe2229fee1a5da999ccd0c06c1667,03416,sao paulo,SP
b6dc74ed30f124f95227bed4e43a3bed,86702,arapongas,PR
1ce3ae5a399804d1a87e706f8a813c3e,88715,jaguaruna,SC
2138ccb85b11a4ec1e37afbd1c8eda1f,08250,sao paulo,SP
33cbbec1e7e1044aaf11d152172c776f,95705,bento goncalves,RS
6b90f847357d8981edd79a1eb1bf0acb,07152,guarulhos,SP
42b729f859728f5079499127a9c2ef37,03910,sao paulo,SP
ccf8813e5a7d6c84d865cd38bfc2b130,12080,taubate,SP
323ce52b5b81df2cd804b017b7f09aa7,03306,sao paulo,SP
4b1eaadf791bdbbad8c4a35b65236d52,14092,ribeirao preto,SP
bd697db56ff8e7c9cd1abeb7f72029b2,03533,sao paulo,SP
d57e18d5f73c7ccb7f7339b61166898d,03613,sao paulo,SP
dd2bdf855a9172734fbc3744021ae9b9,31255,belo horizonte,MG
bb7a14e229b1c95156719c3d9552eeee,23095,rio de janeiro,RJ
6b536a23086fba0d58c08d68814397f6,24346,niteroi,RJ
7c67e1448b00f6e969d365cea6b010ab,08577,itaquaquecetuba,SP
7e1fb0a3ebfb01ffb3a7dae98bf3238d,14403,franca,SP
0bae85eb84b9fb3bd773911e89288d54,88301,itajai,SP
8c0de775f52fe41590b376a3b7c50f68,13178,sumare,SP
5b8154610ebb21fb90eb587365e673df,12246,sao jose dos campos,SP
817f85dbb65aa3e70831d90fe75cdf89,18530,tiete,SP
729f06993dac8e860d4f02d7088ca48a,13481,limeira,SP
7ad32824caee82087b3e2e5f33b1bf32,14940,ibitinga,SP
53d00c40e32aeb924a84ce72b1af869d,14940,ibitinga,SP
bf84056e679dbe9c69929847a40e338f,02537,sao paulo,SP
ca4b77513ac2040591b0d8fae6958380,09190,sando andre,SP
a3f0b55de503387383c7b1de3ad7f678,82400,curitiba,PR
173d56ffbd4c56cb80fc3615487d712b,11370,sao vicente,SP
c6381d2d013342748761e906d45aff76,93180,portao,RS
e09887ca8c7bf8a4621ce481820414ef,08431,sao paulo,SP
318f287a62ab7ac10b703ac37435a231,04773,sao paulo,SP
cb41bfbcbda0aea354a834ab222f9a59,03520,sao paulo,SP
a414555ce331b8c8aea4a9cb8395194d,03638,sao paulo,SP
51702dc2a3e106c76dbff722b5bf0726,13835,conchal,SP
070d165398b553f3b4b851c216b8a358,03916,sao paulo,SP
960945e1a9535cbc0cd6ddd35fbe7ae8,08290,sao paulo,SP
5a8e7d5003a1f221f9e1d6e411de7c23,13076,campinas,SP
11bfa66332777660bd0640ee84d47006,14085,ribeirao preto,SP
b43d8b707f887a30f4675391098354a0,44600,ipira,SP
dbb9b48c841a0e39e21f98e1a6b2ec3e,03929,sao paulo,SP
6562efe88ce0826a4ca4f189f03b4b84,87005,maringa,PR
9de4643a8dbde634fe55621059d92273,89225,joinville,SC
bbaff50f3b708fda865918715276cd87,12940,atibaia,SP
fffd5413c0700ac820c7069d66d98c89,13908,amparo,SP
3c7c4a49ec3c6550809089c6a2ca9370,03804,sao paulo,SP
9646c3513289980f17226a2fc4720dbd,12215,sao jose dos campos,SP
59cea8e446d3834393058e7e0666b6fb,87050,maringa,PR
8ae520247981aa06bc94abddf5f46d34,88370,navegantes,SC
10264f60a8f0a4d2f30810f5c661c673,13090,campinas,SP
8a32e327fe2c1b3511609d81aaf9f042,02443,sao paulo,SP
b76dba6c951ab00dc4edf0a1aa88037e,03237,sao paulo,SP
165b1235e9e9942cb5fae67103576fb0,14020,ribeirao preto,SP
5566627eab3fe93fd6ee08798226101a,83005,sao jose dos pinhais,PR
00720abe85ba0859807595bbf045a33b,07070,guarulhos,SP
094ced053e257ae8cae57205592d6712,14095,ribeirao preto,SP
6aa3928696eab49a19a466e665a649fd,26285,nova iguacu,RJ
2199e7fe213c16213bf5d6a7eadc9a5d,11900,registro,SP
0885aaf116795758dfeb5f1032487bcd,08541,ferraz de vasconcelos,SP
fe701d88b67eaca109dffd464d1be9f9,24900,marica,RJ
89bc797e2e29667aa035d4368f9b7f92,02969,sao paulo,SP
f789d2c4f2c2eb38fc4373e7a4b35264,36010,juiz de fora,MG
87b740daf17b5d1be335a64164ec6842,08615,suzano,SP
e2aee0892199b1d92530e371abd825bf,86600,rolandia,PR
e2c92f9c1c7746d899d18f2e158bbff7,15054,sao jose do rio preto,SP
116ccb1a1604bc88e4d234a8c23f33de,09850,sao bernardo do campo,SP
406822777a0b9eb5c50e442dd4cd3ec5,18500,tatui,SP
276677b5d08786d5dce7c2149dcce48b,31730,belo horizonte,MG
05ca864204d09595ae591b93ea9cf93d,06465,barueri,SP
01bcc9d254a0143f0ce9791b960b2a47,76400,uruacu,GO
39c763cca83e654764b7a4a650fb9b7c,74563,goiania,GO
7d13fca15225358621be4086e1eb0964,14050,ribeirao preto,SP
1dc2de47ee26a0a5b12dc14fd6dc0dea,14940,ibitinga,SP
b14db04aa7881970e83ffa9426897925,18048,sorocaba,SP
7142540dd4c91e2237acb7e911c4eba2,16301,penapolis,SP
8e6d7754bc7e0f22c96d255ebda59eba,12233,sao jose dos campos,SP
6d803cb79cc31c41c4c789a75933b3c7,14600,sao joaquim da barra,SP
e1b12447a7563944843191754aeb5562,07145,guarulhos,SP
ceaec5548eefc6e23e6607c5435102e7,03821,sao paulo,SP
8ed8ea9a57c862f2c18c2fe41f601d56,89030,blumenau,SC
3504c0cb71d7fa48d967e0e4c94d59d9,09350,maua,SP
04e38a233f726ef161074ab1c9b0399a,01239,sao paulo,SP
bc503e244f187939d10c92a5c8e378ce,16200,birigui,SP
fe1bbc5feda5c8979a8a1b3b2512d5a6,38680,arinos,MG
d379f449f2a3b271bc01c0782020f705,35500,divinopolis,MG
6560211a19b47992c3666cc44a7e94c0,05849,sao paulo,SP
5343d0649eca2a983820bfe93fc4d17e,09270,santo andre,SP
4c18691b6037662be2df78a765d98ab5,03167,sao paulo,SP
966cb4760537b1404caedd472cc610a5,09920,diadema,SP
f5f1f2c5f923f36ad79ea1d07185ddc9,19820,taruma,SP
be9a160a9011f627c3e121d076c1ec7b,89256,jaragua do sul,SC
2a84855fd20af891be03bc5924d2b453,30111,belo horizonte,MG
cb5df0dcb9e280b1780e9d589889f2c7,15115,bady bassitt,SP
2eb70248d66e0e3ef83659f71b244378,13101,campinas,SP
c6bda72e4dbf5c5866b13cb1810c6d03,03087,sao paulo,SP
dbc22125167c298ef99da25668e1011f,37564,borda da mata,MG
9b00ed88b7fdb95d6ff76e27c1b52d16,08215,sao paulo,SP
257e61d3251fb5efb9daadddbc2cf7ca,86804,apucarana,PR
5305693ffae2d3463377b1f6fe67b15a,16300,penapolis,SP
a56a8043ebf66e42119618fb8cf232c6,89219,joinville,SC
48efc9d94a9834137efd9ea76b065a38,81130,curitiba,PR
5b0cc932433fa5184b5b94bfe6bcc256,14940,ibitinga,SP
68f86ba270525243e68ae74044f992b9,21941,rio de janeiro,RJ
20cb7c2fde3e5bf10f0bbe7394e1c6a9,86385,andira-pr,PR
e256a62e0ac58c0edfba09966142d561,81320,curitiba,PR
cc3d14116804f7209f3884f6367f1152,82940,curitiba,PR
213b25e6f54661939f11710a6fddb871,13321,salto,SP
2e1c9f22be269ef4643f826c9e650a52,04850,sao paulo,SP
58e4b302b54937e55a678c4d15111da4,83402,colombo,PR
d12c926d74ceff0a90a21184466ce161,02634,sao paulo,SP
659e8466eb3ff1b0e8740d74fb7bbedd,45820,eunapolis,BA
e3a386fc36e22064434e1fa256f6a9fa,13165,engenheiro coelho,SP
0ebd97a106433a45a4aebe57c1799778,32240,contagem,MG
902c99f1ac505c0d18778b61bcd636f7,13840,mogi guacu,SP
b74d1c09cb380e1d03a6f859c6f4224b,20061,rio de janeiro,RJ
acadd4d36859671cb635527c6c977533,14270,santa rosa de viterbo,SP
3078096983cf766a32a06257648502d1,13720,scao jose do rio pardo,SP
dfc475d54e1b6dbeeb7d7d9bdaa63827,81460,curitiba,PR
0afccdb8a34ee5c79f7c06faf2b4d56e,38400,uberlandia,MG
5e063e85d44b0f5c3e6ec3131103a57e,05302,sao paulo,SP
c6218512d16fcac0af02fe92691cf274,32315,contagem,MG
cb3dd9ce66268c7a3ca7241ac70ab58c,03028,sao paulo,SP
ea1776927851da2532aa70d6a32c095a,08223,sao paulo,SP
b17b679f4f5ce2e03ce6968c62648246,14090,ribeirao preto,SP
2b3e4a2a3ea8e01938cabda2a3e5cc79,04733,sao paulo,SP
df683dfda87bf71ac3fc63063fba369d,95180,farroupilha,RS
46dc3b2cc0980fb8ec44634e21d2718e,22240,rio de janeiro,RJ
74871d19219c7d518d0090283e03c137,04650,sao paulo,SP
270d3ef21830ad0ecf3a6c53d08a533a,06380,carapicuiba,SP
615005a3ef192c00c6f0e977cee3d2bc,13304,itu,SP
f12d3c2a14729ae461b920c11fe20fdc,09080,santo andre,SP
081acf3de680d554796c9cf041be7bc2,33200,vespasiano,MG
ac51cac5e20d69ff485a54746488ef48,14096,ribeirao preto,SP
87142160b41353c4e5fca2360caf6f92,90230,porto alegre,RS
fa1c13f2614d7b5c4749cbc52fecda94,13170,sumare,SP
638cba8be1fb599bbb76fd6948351eb3,12242,sao jose dos campos,SP
f46490624488d3ff7ce78613913a7711,07194,guarulhos,SP
f61c63d13f7cd800549d5acdd390ae72,18185,pilar do sul,SP
7315baebc0572ff220d226283dc66728,13560,sao carlos,SP
fb8904a8ea99f8831b64ce27db2c1765,09550,sao caetano do sul,SP
9674754b5a0cb32b638cec001178f799,04438,sao paulo,SP
d3dcf0604eabf0224fbd5948b5e02f69,03654,sao paulo,SP
b32be1695eb7ec5f10f72d9610a12527,95012,caxias do sul,RS
a5bff0f43eb51f0cad7c37fac7244c8a,04827,sao paulo,SP
701938c450705b8ae65fc923b70f35c7,15014,s jose do rio preto,SP
72bc2cce903c872fe376a8faaa81d237,04693,sao paulo,SP
65c255b299faf2d12050937cc219c46c,03060,sao paulo,SP
fe2032dab1a61af8794248c8196565c9,13030,campinas,SP
4b9750c8ad28220fe6702d4ecb7c898f,13484,limeira,SP
fdb9095204a334cd8872252ffec6f2db,03331,sao paulo,SP
9bcdfa7b615b3abb9461d9e3ad9886ae,89053,blumenau,SC
2e0dba2da448400b1c11d7b4b22f32a4,09070,santo andre,SP
3d5d0dc7073a299e31fa718ce1bc00b6,22785,rio de janeiro,RJ
5f5b43b2bffa8656e4bc6efeb13cc649,04880,sao paulo,SP
c60b801f2d52c7f7f91de00870882a75,07174,guarulhos,SP
3820c6537b3853be1a0687d5a60807ec,06717,cotia,SP
48985c61529077fa4f1e38bcff0f2ed3,90020,porto alegre,RS
1eade46fba20122dc4aefb379f8c636b,02066,sao paulo,SP
888faa8bfb0b159c37de6d898b961c31,88750,braco do norte,SC
dc317f341ab0e22f39acbd9dbf9b4a1f,94910,cachoeirinha,RS
79ed755314cfe6df0daef2c6cd3022cd,13503,rio claro,SP
df560393f3a51e74553ab94004ba5c87,87900,loanda,PR
6c177e38df6d3f34182b1f1d427231bf,80430,curitiba,PR
013900e863eace745d3ec7614cab5b1a,80740,curitiba,PR
4e922959ae960d389249c378d1c939f5,12327,jacarei,SP
4b0fdb526525f9890eb145bf1534640e,14940,ibitinga,SP
6b333a05bf188ef3e1f1662a86bd9855,72304,brasilia,DF
850f4f8af5ea87287ac68de36e29107f,04367,sao paulo,SP
afa6714acee029b2dfdf357e5579cc03,13690,descalvado,SP
9b1ab052f5fca308ba743ac789ebb2e1,85200,pitanga,PR
30a2f535bb48308f991d0b9ad4a8c4bb,13457,santa barbara d'oeste,SP
3a1a1fec38dd360f15fc912e821e169d,02451,sao paulo,SP
9d5604a1f112324ad6b2aa552122e0fb,88075,florianopolis,SP
7e3f87d16fb353f408d467e74fbd8014,04809,sao paulo,SP
269cff2d3c8d205c11f37a52402ea93b,15803,catanduva,SP
b39d7fe263ef469605dbb32608aee0af,14940,ibitinga,SP
ca77545ca4d2dfd1431bf61334e2fa3c,87020,maringa,PR
0d85bbda9889ce1f7e63778d24f346eb,38414,uberlandia,MG
23d7c96d4a1160db1c726b248601b25a,13360,capivari,SP
c0563dd588b775f2e37747ef6ad6c92c,09220,santo andre,SP
820cc752a266cdc6c1a1e61dd4583330,87050,maringa,PR
da7039f29f90ce5b4846ffc0fcc93beb,09041,santo andre,SP
c64a2aec32cc408a8a4c6d7c46017f91,95625,imbe,RS
5656537e588803a555b8eb41f07a944b,72015,brasilia,DF
53e4c6e0f4312d4d2107a8c9cddf45cd,13920,pedreira,SP
835f0f7810c76831d6c7d24c7a646d4d,08030,sao paulo,SP
218d46b86c1881d022bce9c68a7d4b15,14070,ribeirao preto,SP
e58a5b390e28abc0b216cfb0e07d27d7,22640,rio de janeiro,RJ
028872bfa080090a9d0abd4f1af168f8,33940,ribeirao das neves,MG
080102cd0a76b09e0dcf55fcacc60e05,31140,belo horizonte,MG
4a3ccda38b2129705f3fb522db62ca31,17504,marilia,SP
34056b8b55c1775a22af2331670a799c,16304,penapolis,SP
23c38debaffe4a25a30fdbd9b586a13f,18110,votorantim,SP
57e632711dec9ec14ca7546769483e7e,88372,navegantes,SC
827f8f69dfa529c561901c4f2e0f332f,81880,curitiba,PR
fa74b2f3287d296e9fbd2cc80f2d1cf1,19023,presidente prudente,SP
2709af9587499e95e803a6498a5a56e9,03813,sao paulo,SP
5c243662ce92d84573bfaff24c3e3700,03702,sao paulo,SP
44f091b5abab8018f682fce8124b85e5,02281,sao paulo,SP
42bde9fef835393bb8a8849cb6b7f245,71551,brasilia,DF
05f51e13da97139648b8125c31e5f51b,31910,belo horizonte,MG
ef506c96320abeedfb894c34db06f478,03569,sao paulo,SP
7b07b3c7487f0ea825fc6df75abd658b,02016,sao paulo,SP
02f5837340d7eb4f653d676c7256523a,80620,curitiba,PR
d1c7fa84e48cfa21a0e595167c1c500e,99730,jacutinga,RS
7178f9f4dd81dcef02f62acdf8151e01,89560,videira,SC
3c010235b7345c92f125d14ee232a76b,83800,mandirituba,PR
cea729054f157f5870bdd321a958d994,03161,sao paulo,SP
d3f39f05462b79a4562d35893a28f159,13730,mococa,SP
e9bc59e7b60fc3063eb2290deda4cced,87083,maringa,PR
f1198c871e0171278b63f40d112caeec,01220,sao paulo,SP
6c7d50c24b3ccd2fd83b44d8bb34e073,19025,presidente prudente,SP
718539d38d07dd351c76db862760e2e2,13088,campinas,SP
febab0275244b9a49a623f0bd613ca2f,13920,pedreira,SP
f3da5b2ff499efb8d4a6d371d175d7dd,02407,sao paulo,SP
640e21a7d01df7614a3b4923e990d40c,14940,ibitinga,SP
082e0bf4cb865a6533b1e8e498cc0255,18608,botucatu,SP
12b9676b00f60f3b700e83af21824c0e,95780,montenegro,RS
2f74af7a0ee5636f12c2336f9fffed47,02376,sao paulo,SP
04fdea0c111866e6cf812f1570d6b5bd,08411,sao paulo,SP
9261d76c62caaf0b24677c2ceb7f8f20,88138,palhoca,SC
ce248b21cb2adc36282ede306b7660e5,89251,jaragua do sul,SC
6a0cbc8af2e8abd1bdfb777943d174c6,14312,batatais,SP
582d4f8675b945722eda7c0cb61ba4c7,11250,bertioga,SP
02f623a8eb246f3c5f7c2f96462654e6,18611,botucatu,SP
c13ef0cfbe42f190780f621ce81f2234,01207,sao paulo sp,SP
94e93ce877be27a515118dbfd2c2be41,15502,votuporanga,SP
c4d51195486dc781531876a7d00453d8,19023,presidente prudente,SP
13511db12ac61e2f89c53b72a944a60b,95020,caxias do sul,RS
0ffa40d54288e4f3499b8780dd0f144f,19013,presidente prudente,SP
7dc8c42cc750eeafea6c85712ffee9bf,05424,sao paulo,SP
141440cad9341e553f8401c574a2aa38,85200,pitanga,PR
ebd2d60905fb58271facef5596b620d3,18683,lencois paulista,SP
530ec6109d11eaaf87999465c6afee01,85807,cascavel,PR
04aba03279157f6d4e0fe8ccaf21963c,28470,santo antonio de padua,RJ
a49928bcdf77c55c6d6e05e09a9b4ca5,03017,sao paulo,SP
04308b1ee57b6625f47df1d56f00eedf,88215,bombinhas,SC
a2b5b6105ea5942300631d2e76f4ffe0,06283,osasco,SP
db2956745b3a8e9f3785c99f34b5d25e,11600,sao sebastiao,SP
213fafb0ca06fb3d5886579c2565791b,35700,sete lagoas,MG
670c26e0f1bf8d0576271d5cfaec6d2b,87025,maringa,PR
240b9776d844d37535668549a396af32,24120,niteroi,RJ
8ca1551acf9832a4cf467bbbac15851f,83607,campo largo,PR
96804ea39d96eb908e7c3afdb671bb9e,38950,ibia,MG
8b28d096634035667e8263d57ba3368c,12243,sao jose dos campos,SP
abc015ebac1d283a323ca9db35ede4b9,14055,ribeirao preto,SP
c3e1abd72a42fe690fcd89cf5720fe29,13840,mogi guacu,SP
3c4e0452bff7a2a788179488d3d77032,83408,colombo,PR
3b872fd4747f01cc56206f2934198618,14940,ibitinga,SP
850913d59ce317156b00f3705f1c3edb,12942,atibaia,SP
67225bff54a172ff67579aaf583efd78,85960,marechal candido rondon,PA
0db783cfcd3b73998abc6e10e59a102f,11010,santos,SP
0be8ff43f22e456b4e0371b2245e4d01,04461,sao paulo,SP
e8f6dc8e6a1dcde89d20e3995c8d90b3,03476,sao paulo,SP
f8db351d8c4c4c22c6835c19a46f01b0,13324,salto,SP
d1582f4043306e6b91afa6a8a884f898,03445,sao paulo,SP
ff063b022a9a0aab91bad2c9088760b7,09171,santo andre,SP
7139dc5186aa238b006e066d8fbab2e4,13901,amparo,SP
d94a40fd42351c259927028d163af842,37443,baependi,MG
ccb83a794700270fde70898fe9ff368b,88960,sombrio,SC
1b938a7ec6ac5061a66a3766e0e75f90,16304,penapolis,SP
41ab63a91b8b264e8c8780368bf1dd5b,31555,belo horizonte,MG
8759e7aedd644f487315e5860962f162,09251,santo andre,SP
63ffcb71394dd8ea3872ed9ffda17c74,24813,itaborai,RJ
44073f8b7e41514de3b7815dd0237f4f,71070,brasilia,DF
c0098efcf800861dcae589affca31408,14080,ribeirao preto,SP
caa9bc43a9fe8cf9c564ddd8a03cc4a6,12308,jacarei,SP
bee36b4f9a2b9fdcaff6ec05df202ed0,03308,sao paulo,SP
ececbfcff9804a2d6b40f589df8eef2b,14407,franca,SP
8b9d6eec4a7eb7d0f9d579ce0b38324d,26562,mesquita,RJ
aced59e9b31ef866a94f9e7f29d8d418,03306,sao paulo,SP
5bffbafbb22daf6d3bfc216a46db8708,26525,nilopolis,RJ
4221a7df464f1fe2955934e30ff3a5a1,48602,bahia,BA
dd7ddc04e1b6c2c614352b383efe2d36,03471,sao paulo,SP
ef0ace09169ac090589d85746e3e036f,24451,sao goncalo,RJ
11305281b50fff20ae8bb473f8e11876,36500,uba,MG
c3cfdc648177fdbbbb35635a37472c53,80610,curitiba,PR
391fc6631aebcf3004804e51b40bcf1e,14940,ibitinga,SP
446cc09cdbb130904da114e807dbec40,05615,sao paulo,SP
dfa0c4c6229ab200a4a1336b4d7128ff,88085,florianopolis,SC
3faf68a3b0af94b10bac70d86077be49,13825,holambra,SP
2a261b5b644fa05f4f2700eb93544f2c,13660,porto ferreira,SP
1354d51653f645349064725ed204e85e,01230,sao paulo,SP
ea8482cd71df3c1969d7b9473ff13abc,04160,sao paulo,SP
612170e34b97004b3ba37eae81836b4c,93542,novo hamburgo,RS
ba143b05f0110f0dc71ad71b4466ce92,02274,sao paulo,SP
eeb6de78f79159600292e314a77cbd18,88501,lages,SC
b8d890108a7a80e4f5d59eea9f362438,81110,curitiba,PR
90b36c5aeb728d5504a39f435bef0c5f,13835,conchal,SP
6c12e40690c335dbc2f68a4134d30dc1,84178,castro,PR
6860153b69cc696d5dcfe1cdaaafcf62,13360,capivari,SP
903037660cf848a717166eb7a06d616e,05734,sao paulo,SP
f08c008c8a8d31417763738a1788a2a8,85875,santa terezinha de itaipu,PR
1c68394e931a64f90ea236c5ea590300,87114,sarandi,PR
b499c00f28f4b7069ff6550af8c1348a,13481,limeira,SP
6fd52c528dcb38be2eea044946b811f8,08180,sao paulo,SP
8e8a7ce9f2f970dc00e2acf6f6e199f6,24710,sao goncalo,RJ
e64d65bc8dbec2accda90c58de5d1246,13500,rio claro,SP
b83cedfb587e7911540e3f576d6917ce,04870,sao paulo,SP
1336efc61c316ddf92c899eb817f7cae,19800,assis,SP
c794dab4928dd97beb41d05514441e86,13160,artur nogueira,SP
539ed9e19811677513447759be5eccfc,31520,belo horizonte,MG
e26901d5ab434ce92fd9b5c256820a4e,09350,maua,SP
c826c40d7b19f62a09e2d7c5e7295ee2,07133,guarulhos,SP
4830e40640734fc1c52cd21127c341d4,03573,sao paulo,SP
38e6dada03429a47197d5d584d793b41,04763,sao paulo,SP
efcd8d2104f1a05d028af7bad20d974b,16012,aracatuba,SP
6bb62a4912377c7bfe7cb17b406bc7e6,13215,jundiai,SP
6d22a1fcebb6dd08c9cd90b92a93e8d0,89215,joinville,SC
33a6f4b1e7cdc205511e76ba1b6e0186,07084,guarulhos,SP
91f848e9f4be368f4318775aac733370,03029,sao paulo,SP
7202e2ba20579a9bd1acb29e61fe71f6,14401,franca,SP
5c853bb56f70f4d14218944bae111d7a,06715,cotia,SP
4d6fb82c629c7a5028bfd973c07b05e0,31525,belo horizonte,MG
4a3ca9315b744ce9f8e9374361493884,14940,ibitinga,SP
29e6e05b65f93bc224c644319dc52ecf,36010,juiz de fora,MG
bd23da7354813347129d751591d1a6e2,03971,sao paulo,SP
900ba814c251a692506d7834c1218441,13328,salto,SP
a5cba26a62b8b4d0145b68b841e62e7f,87303,campo mourao,PR
651fe66032c9520ee5587f694908040d,94810,alvorada,RS
7210cd29727d674c00741e5e387b3ccd,03279,sao paulo,SP
5a9b3bcab695173c820e53934574ae80,13320,salto,SP
4342d4b2ba6b161468c63a7e7cfce593,22793,rio de janeiro,RJ
9d5a9018aee56acb367ba9c3f05d1d6a,74930,aparecida de goiania,GO
daeb5653dd96c1b11860f72209795012,31310,belo horizonte,MG
7299e27ed73d2ad986de7f7c77d919fa,38440,araguari,MG
7722b1df1b0e383e000397b2c11e3e19,09715,sao bernardo do campo,SP
8bb48dc19fccaa8613b6229bf7f452a2,19803,assis,SP
26e13b6ff5b641b329e5524241ee2c93,14401,franca,SP
a3a38f4affed601eb87a97788c949667,89204,joinville,SC
6b89abe95848c850399130d149a39b63,75640,piracanjuba,GO
537eb890efff034a88679788b647c564,20270,rio de janeiro,RJ
0d33a55da925bbf1ff02af5f6059fc7f,05632,sao paulo,SP
ba90964cff9b9e0e6f32b23b82465f7b,07140,guarulhos,SP
45213867cefbf2cd4c6177e10216a951,13603,araras,SP
02c988090b766852e088c69d7fb3b551,13473,americana,SP
cd6efc47efaabf134f8bdb654e10b4f1,23050,rio de janeiro,RJ
ce69a8021d18961dd2a40269b7c2c293,81070,curitiba,PR
b839e41795b7f3ad94cc2014a52f6796,09541,sao caetano do sul,SP
f262cbc1c910c83959f849465454ddd3,03564,sao paulo,SP
3d8fa2f5b647373c8620330c4e077a9f,03031,sao paulo,SP
b3b17aab11f273023a5f22ca52e1eb70,86065,londrina,PR
7008613ea464bad5cb9b83456e1e6a8f,89460,canoinhas,SC
977f9f63dd360c2a32ece2f93ad6d306,14910,tabatinga,SP
54965bbe3e4f07ae045b90b0b8541f52,85851,foz do iguacu,PR
95e03ca3d4146e4011985981aeb959b9,21210,rio de janeiro,RJ
ac6417315ae5da8f9a38ee11de6f7780,07400,aruja,SP
c66dccfb3f109511246da627dd5a2498,11900,registro,SP
f3c38ab652836d21de61fb8314b69182,01206,sao paulo,SP
ce27a3cc3c8cc1ea79d11e561e9bebb6,03006,sao paulo,SP
0ef83d7d83ed97cd2a0049ac8be5f88a,80230,curitiba,PR
620c87c171fb2a6dd6e8bb4dec959fc6,25645,petropolis,RJ
06a2c3af7b3aee5d69171b0e14f0ee87,65072,sao luis,MA
d1c281d3ae149232351cd8c8cc885f0d,14940,ibitinga,SP
7a9c12e235c36247c3c81f50d6ea9cea,09541,sao caetano do sul,SP
eb5b6204dde3a6e03b5f1bb8479f055b,06900,embu guacu,SP
ffad1e7127fb622cb64a900751590acd,13465,americana,SP
b1a81260566c1bac3114a6d124413f27,99500,carazinho,RS
0ea22c1cfbdc755f86b9b54b39c16043,35700,sete lagoas,MG
712e6ed8aa4aa1fa65dab41fed5737e4,89560,videira,SC
0b35c634521043bf4b47e21547b99ab5,84530,teixeira soares,PR
5f67c6082caacb26e431a7b17940cece,87083,maringa,PR
cee48807215b30a12ca2ca10ffb5f250,11431,guaruja,SP
bbad7e518d7af88a0897397ffdca1979,01512,sao paulo,SP
48bad451945f5227341793478d6353ea,01220,sao paulo,SP
5dceca129747e92ff8ef7a997dc4f8ca,13450,santa barbara d´oeste,SP
f4aba7c0bca51484c30ab7bdc34bcdd1,01031,sao paulo,SP
a2e874074c877c5a05abae80ad6e488f,15070,sao jose do rio preto,SP
c72de06d72748d1a0dfb2125be43ba63,46430,guanambi,BA
f35becee938e982bd615edf8ef12bcfb,19160,alvares machado,SP
670a9dda115b5a88b18cfadee8de2332,14096,ribeirao preto,SP
3b15288545f8928d3e65a8f949a28291,14940,ibitinga,SP
d25aa0aaacb370e912f8cf6efeba38b3,89108,massaranduba,SC
26785a546900236d66f2e4197c211158,08430,sao paulo,SP
33576ec5412fb5905d876f12f33bfde6,80040,curitiba,PR
c9c7905cffc4ef9ff9f113554423e671,06871,itapecerica da serra,SP
750303a20e9c56b2a6bc45cdce0b897d,74333,goiania,GO
1ca7077d890b907f89be8c954a02686a,06506,santana de parnaiba,SP
270297ead4c65a6cd2593960d2af6b21,04696,sao paulo,SP
0691148aee60ca47977c187804f935ae,86010,londrina,PR
411f3b52d857390502ee4e4d5ceabc2d,09400,ribeirao pires,SP
099095b050cfe8eb1ddff5317587e96e,03322,sao paulo,SP
0ad80de75c811326389cfb1daba7d45e,20261,rio de janeiro,RJ
3d621842b2ed28e2b474132480edac3c,08041,sao paulo,SP
7aa4334be125fcdd2ba64b3180029f14,18500,laranjal paulista,SP
a3e9a2c700480d9bb01fba070ba80a0e,14940,ibitinga,SP
b0b346d3a89f5eb4c2968af3f083cd43,13105,campinas,SP
b6d44737c043328708f6749c2dbe50bd,09230,santo andre,SP
002100f778ceb8431b7a1020ff7ab48f,14405,franca,SP
1554a68530182680ad5c8b042c3ab563,37580,monte siao,MG
e8b4225284fbb02d16f200513f1f395d,14960,novo horizonte,SP
49067458c68f7701fd334ce326accbe0,36050,juiz de fora,MG
23a0ffca143a15b9b5bbdb7d552f626a,13520,sao pedro,SP
0432ead42b6c8a0bdf68154add917fdf,09320,maua,SP
b94cc9f10ddc85e4ba73a6f7974e7101,27930,macae,RJ
dee656f0f566ed1aa85bd137c943f08f,12701,cruzeiro,SP
8cbac7e12637ed9cffa18c7875207478,89254,jaragua do sul,SC
aae3bfea055532c57fb453ed3ec80b30,09271,santo andre,SP
b18871c324516afa228a13e8f1ef0ae9,04186,sao paulo,SP
17ca9b9e9b9ef8fdb529001b49ebb50f,32677,betim,MG
8fe8786ee000001ab51d030dfd4a7bf1,88490,paulo lopes,SC
2b5ed0c9139dae8883a200dfcb272ece,04087,sao paulo,SP
52ac6f920b7280e4c6d30dd94de6259b,83321,pinhais,PR
994f04b3718c2bab35c2adfa8afecd2a,13912,jaguariuna,SP
8d46553a36e68f95350a200c12f8f2e2,13056,campinas,SP
d93844a9c55ba7ce353388bcf849ea56,82320,curitiba,PR
2c9e548be18521d1c43cde1c582c6de8,08752,mogi das cruzes,SP
062ce95fa2ad4dfaedfc79260130565f,95913,lajeado,RS
821fb029fc6e495ca4f08a35d51e53a5,02030,sao paulo,SP
acb6c2ca5c82411c1fdb88d5fd5eb95e,03423,sao paulo,SP
9616352088dcf83a7c06637f4ebf1c80,87504,umuarama,PR
710e3548e02bc1d2831dfc4f1b5b14d4,86600,rolandia,PR
296729ffb9b684050dd24836dac4494a,80240,curitiba,SP
0761743cbffb25d7148189e9f1a5f03a,14096,ribeirao preto,SP
a673821011d0cec28146ea42f5ab767f,03809,sao paulo,SP
dd55f1bb788714a40e7954c3be6df745,01021,sao paulo,SP
6e0908ef4d4efadbc3cc2b74ea477cb0,20910,rio de janeiro,RJ
cca3071e3e9bb7d12640c9fbe2301306,14940,ibitinga,SP
7f7b8245c336066a1f9933c359f11d77,13800,mogi mirim,SP
8648b1e89e9b349e32d3741b30ec737e,12308,jacarei,SP
1bb2bdb95f4841f1bba2c0d2cd83d3c9,01257,sao paulo,SP
039e6ad9dae79614493083e241147386,03560,sao paulo,SP
634964b17796e64304cadf1ad3050fb7,21840,rio de janeiro,RJ
b33e7c55446eabf8fe1a42d037ac7d6d,14850,pradopolis,SP
d23019c84ffae2d5ef2270367b8605fc,86073,londrina,PR
4869f7a5dfa277a7dca6462dcf3b52b2,14840,guariba,SP
b4ffb71f0cb1b1c3d63fad021ecf93e1,03880,sao paulo,SP
cd3d09fbe6e3e9ff0c0ac0c300e93ae7,13380,nova odessa,SP
13d058e4eeac2ce8217660b2f8a05812,06080,osasco,SP
4559697a8f7e637227c2eeaed843baff,19029,presidente prudente,SP
2bf6a2c1e71bbd29a4ad64e6d3c3629f,28615,nova friburgo,RJ
7b8e8ec35bad4b0ef7e3963650b0a87b,88705,tubarao,SC
2d50d6282f8aa2257819a77bfaa0efe0,14940,ibitinga,SP
7e93a43ef30c4f03f38b393420bc753a,06429,barueri,SP
0c8380b62e38e8a1e6adbeba7eb9688c,37410,tres coracoes,MG
5abb8ea023c77787f2c15da891c8d384,89228,joinville,SC
c3aad7dc65449ae90a5e9c3c6c1e78e0,15350,auriflama/sp,SP
b92e3c8f9738272ff7c59e111e108d7c,36502,uba,MG
6c6e3d67f969468f3bfd33f827a31222,87035,maringa,PR
1cbd50a8c52e6cf8e315c5709fab386f,83830,fazenda rio grande,PR
f626e15b7314c267e4429010866f70e9,85960,marechal candido rondon,SP
671585f5a2af58b6e276bc01003c0d2b,80510,curitiba,PR
0176f73cc1195f367f7b32db1e5b3aa8,14940,ibitinga,SP
f7ba60f8c3f99e7ee4042fdef03b70c4,09628,sao bernardo do campo,SP
69b5eaa096c3f9d1e5c398c597f567d6,16200,birigui,SP
30829ded4523ab9224b93bc49a62c95f,95360,parai,RS
5075aaa8404020ae6aa8bf4792099b41,37706,pocos de caldas,MG
a369d693961cb93b61ca2cc518872a85,15081,sao jose do rio preto,SP
1caf283236cd69af44cbc09a0a1e7d32,26020,nova iguacu,RJ
3785b653b1b82de85ab47dd139938091,85640,ampere,PR
c3acdfac4e3e97ff87529454fbc03642,05705,sao paulo,SP
6df688df543f90e9b38f4319e75a9d88,31230,belo horizonte,MG
ba6b68b55fe8704377a7d43c8e5c0185,30130,belo horizonte,MG
d673a59aac7a70d8b01e6902bf090a11,14940,ibitinga,SP
f9bbdd976532d50b7816d285a22bd01e,05319,sao paulo,SP
4e17c65a516f69d023a2ae78b84f28d6,08673,suzano,SP
aafe36600ce604f205b86b5084d3d767,88115,sao jose,SC
dbd66278cbfe1aa1000f90a217ca4695,05588,sao paulo,SP
66dc1b1632bd6a3e508510c5b3492107,17210,jau,SP
218f991754f360af9c2daa5e0b8e990c,01123,sao paulo,SP
08633c14ef2db992c11f840f04fad4cd,09416,ribeirao pires,SP
cc419e0650a3c5ba77189a1882b7556a,09015,santo andre,SP
0df3984f9dfb3d49ac6366acbd3bbb85,32604,betim,MG
c68fb906c8f4b4b946d8386bfa6e5467,14870,jaboticabal,SP
fcb5ace8bcc92f75707dc0f01a27d269,07032,guarulhos,SP
8931a84a914b3fe9b1ddaa4d704947ca,08410,sao paulo,SP
7ddcbb64b5bc1ef36ca8c151f6ec77df,04403,sao paulo,SP
02d35243ea2e497335cd0f076b45675d,59077,natal,RN
d6ab728cf30867cf3f1a2e216ae2f9b7,03185,sao paulo,SP
5ee7fd217d08dfe5d3e2f51f96a12c9a,13880,vargem grande do sul,SP
520b493b57809f446cb0a233bb3e25c7,11075,santos,SP
5f1dc28029d2c244352a68107ec2b542,05126,sao paulo,SP
9d4db00d65d7760644ac0c14edb5fd86,18025,sorocaba,SP
b64d51f0435e884e8de603b1655155ae,07077,garulhos,SP
88460e8ebdecbfecb5f9601833981930,87030,maringa,PR
00fc707aaaad2d31347cf883cd2dfe10,87025,maringa,PR
522620dcb18a6b31cd7bdf73665113a9,85801,cascavel,PR
d32e3909cfb714fb2a6cb092c85b9c5f,13215,jundiai,SP
a5259c149128e82c9d6d46e0c1c812bb,76900,ji parana,RO
3be634553519fb6536a03e1358e9fdc7,08275,sao paulo,SP
de23c3b98a88888289c6f5cc1209054a,05530,sao paulo,SP
3d871de0142ce09b7081e2b9d1733cb1,13232,campo limpo paulista,SP
abcd2cb37d46c2c8fb1bf071c859fc5b,78020,cuiaba,MT
e8ff5a6ceb895583033fc2a0f314e3c2,89063,blumenau,SC
5cf13accae3222c70a9cac40818ae839,38700,patos de minas,MG
ac3508719a1d8f5b7614b798f70af136,92030,canoas,RS
10089e9f2fd0c668a8fd4e52e1698888,15061,sao jose do rio preto,SP
52d76513f0c4d97f3b99570e2c94ee31,93348,novo hamburgo,RS
4d6d651bd7684af3fffabd5f08d12e5a,17209,jau,SP
38874e327ce94d11390b96eb42d61928,08577,itaquaquecetuba,SP
e333046ce6517bd8bb510291d44f0130,18950,ipaussu,SP
de9727ca376d1be6ec121b110aa7954c,87114,sarandi,PR
