year_month,orders,revenue,avg_order_value,revenue_growth_pct
2017-01,787,136943.0,174.01,
2017-02,1718,283562.0,165.05,107.1
2017-03,2617,425618.0,162.64,50.1
2017-04,2377,405849.0,170.74,-4.6
2017-05,3639,582517.0,160.08,43.5
2017-06,3205,499652.0,155.9,-14.2
2017-07,3946,578754.0,146.67,15.8
2017-08,4272,661904.0,154.94,14.4
2017-09,4227,717103.0,169.65,8.3
2017-10,4547,764756.0,168.19,6.6
2017-11,7420,1172057.0,157.96,53.3
2017-12,5618,861527.0,153.35,-26.5
2018-01,7187,1101920.0,153.32,27.9
2018-02,6624,979486.0,147.87,-11.1
2018-03,7168,1152657.0,160.81,17.7
2018-04,6919,1156249.0,167.11,0.3
2018-05,6833,1145686.0,167.67,-0.9
2018-06,6142,1019853.0,166.05,-11.0
2018-07,6230,1039263.0,166.82,1.9
2018-08,6421,996974.0,155.27,-4.1
