rank,category,revenue,revenue_share_pct,cumulative_share_pct,items_sold,avg_review,late_pct
1,health_beauty,1233132.0,9.3,9.3,9465,4.19,7.6
2,watches_gifts,1165899.0,8.8,18.1,5857,4.07,7.2
3,bed_bath_table,1023435.0,7.7,25.9,10953,3.92,7.0
4,sports_leisure,954674.0,7.2,33.1,8430,4.17,6.3
5,computers_accessories,888614.0,6.7,39.8,7643,3.99,6.5
6,furniture_decor,711928.0,5.4,45.2,8160,3.95,7.0
7,housewares,615629.0,4.7,49.9,6795,4.11,5.0
8,cool_stuff,610204.0,4.6,54.5,3718,4.2,5.8
9,auto,578849.0,4.4,58.9,4139,4.11,7.0
10,toys,471097.0,3.6,62.4,4029,4.21,6.4
11,garden_tools,470495.0,3.6,66.0,4268,4.08,6.6
12,baby,400422.0,3.0,69.0,2982,4.08,7.7
13,perfumery,390145.0,3.0,72.0,3340,4.22,6.5
14,telephony,309860.0,2.3,74.3,4430,3.99,7.0
15,office_furniture,268154.0,2.0,76.3,1668,3.52,8.0
16,stationery,223789.0,1.7,78.0,2466,4.25,6.8
17,computers,218684.0,1.7,79.7,199,4.22,5.0
18,pet_shop,211696.0,1.6,81.3,1924,4.22,4.9
19,musical_instruments,184316.0,1.4,82.7,651,4.22,7.4
20,small_appliances,182754.0,1.4,84.1,658,4.22,4.6
